,City,Country,Date,Latitude,Longitude,Temperature,Humidity,Wind speed,Cloudliness
0,Punta Arenas,CL,1529373600,-53.16,-70.91,33.8,100,19.46,40
1,Kodiak,US,1529369580,39.95,-94.76,87.8,58,8.05,75
2,Kawalu,ID,1529374309,-7.38,108.21,73.71,85,2.62,48
3,Duluth,US,1529372100,46.77,-92.13,71.6,72,4.7,1
4,Lakes Entrance,AU,1529374309,-37.88,147.99,54.54,97,5.19,92
5,Eberbach,DE,1529374309,49.46,8.99,60.3,85,4.29,80
6,Saint George,BM,1529373300,32.38,-64.68,73.4,73,5.82,40
7,Bambous Virieux,MU,1529370000,-20.34,57.76,68.0,88,8.05,20
8,Alexandria,EG,1529370000,31.2,29.89,73.4,83,2.24,0
9,Nowy Dwor Mazowiecki,PL,1529371800,52.43,20.72,62.6,88,4.7,0
10,Melilla,ES,1529371800,35.29,-2.94,68.0,82,1.12,0
11,Rawson,AR,1529374310,-43.3,-65.11,53.46,64,11.12,36
12,Sfantu Gheorghe,RO,1529371800,44.65,26.83,64.4,93,4.7,0
13,Pevek,RU,1529374283,69.7,170.27,42.84,69,10.22,32
14,Cabinda,AO,1529374311,-5.56,12.19,74.7,100,9.78,12
15,Carnarvon,AU,1529374311,-24.87,113.63,62.46,100,20.96,0
16,Luang Prabang,LA,1529370000,19.89,102.14,80.6,88,2.24,90
17,Semey,KZ,1529374311,50.41,80.25,70.02,59,15.7,0
18,Lavrentiya,RU,1529374311,65.58,-170.99,42.3,87,12.57,0
19,Tateyama,JP,1529370000,36.66,137.31,84.2,51,4.7,40
20,Wilmington,US,1529373000,39.75,-75.55,84.2,88,3.36,75
21,Saskylakh,RU,1529374312,71.97,114.09,55.98,82,11.23,32
22,Forrest City,US,1529373180,35.01,-90.79,82.4,69,10.29,20
23,Xining,CN,1529374312,36.62,101.77,59.4,74,1.95,56
24,Verkhnevilyuysk,RU,1529374312,63.45,120.31,65.7,41,3.51,0
25,Oriximina,BR,1529374312,-1.77,-55.87,75.06,92,2.17,0
26,Vadlapudi,IN,1529374313,14.32,79.8,88.56,50,6.08,36
27,Kyren,RU,1529374313,51.68,102.13,64.8,64,2.73,0
28,Tiksi,RU,1529374313,71.64,128.87,57.33,74,3.96,0
29,Papetoai,PF,1529373600,-17.5,-149.87,84.2,62,4.7,40
30,Herat,AF,1529370900,34.35,62.22,75.2,29,3.36,0
31,Ushtobe,KZ,1529374313,45.25,77.98,75.33,58,4.85,76
32,Mutoko,ZW,1529374313,-17.4,32.23,45.27,84,2.73,0
33,Muyezerskiy,RU,1529374314,63.93,31.65,61.2,74,3.4,8
34,Bonavista,CA,1529374314,48.65,-53.11,45.0,90,21.74,100
35,Payson,US,1529372100,40.04,-111.73,75.2,31,10.29,1
36,Sur,OM,1529374314,22.57,59.53,87.75,84,4.97,0
37,Springdale,CA,1529374314,49.5,-56.06,44.64,90,23.76,92
38,Adrar,DZ,1529370000,27.87,-0.29,93.2,10,6.93,0
39,Faanui,PF,1529374314,-16.48,-151.75,78.12,100,15.48,88
40,Iranshahr,IR,1529374213,27.21,60.69,81.45,24,4.41,0
41,Yarim,YE,1529374315,14.3,44.38,52.2,40,2.73,0
42,Dalaba,GN,1529374315,10.69,-12.25,65.25,98,4.97,64
43,Namtsy,RU,1529374315,62.72,129.66,64.71,60,3.4,56
44,Bagdarin,RU,1529374315,54.44,113.59,62.91,47,5.19,0
45,Kidal,ML,1529374284,18.44,1.41,91.8,14,5.75,92
46,Tuntum,BR,1529374316,-5.26,-44.64,72.18,92,4.63,36
47,Sept-Iles,CA,1529370000,50.2,-66.38,48.2,100,3.36,90
48,Cihuatlan,MX,1529372880,19.24,-104.57,80.6,83,9.17,75
49,Inhambane,MZ,1529374316,-23.87,35.38,67.5,100,11.12,0
50,Krasnyy Oktyabr,RU,1529374316,56.12,38.88,67.14,69,2.95,0
51,Llata,PE,1529374316,-9.55,-76.82,28.26,86,1.72,0
52,Chokurdakh,RU,1529374252,70.62,147.9,48.06,89,12.35,8
53,Mizdah,LY,1529374316,31.45,12.98,56.7,84,2.73,0
54,Thompson,CA,1529370000,55.74,-97.86,77.0,44,3.36,75
55,Pussi,EE,1529374317,59.36,27.05,58.68,79,12.46,0
56,Businga,CD,1529374317,3.34,20.89,67.59,98,2.84,80
57,San Gabriel,MX,1529372460,21.13,-100.83,62.6,93,5.82,90
58,Aquitania,CO,1529374317,5.52,-72.88,61.2,100,2.06,88
59,Saint-Philippe,RE,1529371800,-21.36,55.77,68.0,45,9.17,0
60,Castro,CL,1529374318,-42.48,-73.76,46.26,100,6.76,92
61,Porto Novo,CV,1529370000,17.02,-25.06,71.6,73,16.11,20
62,Baykit,RU,1529374318,61.68,96.39,74.43,63,4.63,0
63,Caravelas,BR,1529374318,-17.73,-39.27,75.69,100,15.14,76
64,Natal,BR,1529373600,-5.81,-35.21,75.2,83,4.7,0
65,Egvekinot,RU,1529374319,66.32,-179.17,50.49,67,2.62,36
66,Changli,CN,1529374319,30.54,105.42,81.36,94,5.19,24
67,Amot,NO,1529374319,59.57,7.99,42.84,89,8.21,36
68,Jardim,BR,1529374319,-21.48,-56.15,58.32,88,4.85,0
69,Solnechnyy,RU,1529374319,50.72,136.64,50.31,100,5.97,76
70,Gouyave,GD,1529370000,12.16,-61.73,80.6,88,23.04,75
71,Saint-Louis,SN,1529374319,16.03,-16.5,71.55,100,16.71,68
72,Imeni Poliny Osipenko,RU,1529374320,52.42,136.49,46.44,99,12.01,92
73,Neftcala,AZ,1529374320,39.37,49.25,72.99,72,4.29,0
74,Arlit,NE,1529374320,18.74,7.39,75.15,19,1.05,24
75,Xihe,CN,1529374320,34.02,105.29,66.96,75,3.29,64
76,Tautira,PF,1529373600,-17.73,-149.15,84.2,62,4.7,40
77,Le Vauclin,MQ,1529373600,14.55,-60.84,75.2,88,3.36,75
78,Bintulu,MY,1529370000,3.17,113.03,84.2,83,3.36,75
79,Fatehgarh,IN,1529374321,27.36,79.63,92.7,67,4.63,12
80,Broome,AU,1529371800,-17.97,122.23,73.4,23,9.17,0
81,Shelton,US,1529373180,47.22,-123.1,87.8,35,6.93,1
82,Preobrazheniye,RU,1529374321,42.9,133.91,71.46,66,3.06,20
83,Chikitigarh,IN,1529374322,19.2,84.62,86.85,69,9.1,0
84,Berlevag,NO,1529374322,70.86,29.09,54.0,83,12.01,8
85,West Bay,KY,1529373600,19.37,-81.42,82.4,83,12.75,20
86,Bardiyah,LY,1529374322,31.76,25.09,72.72,97,6.87,20
87,Nantucket,US,1529372100,41.28,-70.1,69.8,100,11.41,90
88,Weligama,LK,1529374322,5.97,80.42,81.27,91,11.68,92
89,Carauari,BR,1529374222,-4.88,-66.9,73.71,83,4.41,24
90,Ilhabela,BR,1529374076,-23.78,-45.36,68.85,100,17.49,44
91,Georgetown,SH,1529374323,-7.93,-14.42,76.05,100,14.25,100
92,Kalmunai,LK,1529374323,7.42,81.82,83.16,81,8.99,0
93,Rehoboth,NA,1529374323,-23.31,17.08,35.73,71,3.18,0
94,Ocampo,MX,1529374323,27.32,-102.4,73.8,63,6.53,32
95,Reconquista,AR,1529374323,-29.14,-59.64,47.7,85,10.67,0
96,Nome,US,1529372100,30.04,-94.42,75.2,94,8.05,75
97,Bulgan,MN,1529374324,48.81,103.53,68.94,50,8.55,0
98,Bilma,NE,1529374324,18.69,12.92,77.67,19,7.31,0
99,Meulaboh,ID,1529374237,4.14,96.13,82.26,100,3.18,76
100,Zhuhai,CN,1529370000,40.71,112.04,75.2,19,8.95,0
101,Binzhou,CN,1529374324,37.38,117.96,82.26,75,9.22,68
102,Pisco,PE,1529373600,-13.71,-76.2,62.6,88,4.7,90
103,Ixtapa,MX,1529373180,20.71,-105.21,80.6,83,6.93,40
104,Port Lincoln,AU,1529374325,-34.72,135.86,54.09,96,16.71,80
105,Ancud,CL,1529374325,-41.87,-73.83,47.43,98,4.41,92
106,Sao Jose da Coroa Grande,BR,1529374325,-8.9,-35.15,75.6,84,6.87,100
107,Salalah,OM,1529369400,17.01,54.1,82.4,88,5.82,75
108,Ribeira Grande,PT,1529374325,38.52,-28.7,70.83,100,12.68,92
109,Santiago del Estero,AR,1529374325,-27.8,-64.26,55.71,54,14.36,0
110,Kulhudhuffushi,MV,1529374326,6.62,73.07,83.52,98,17.05,80
111,Necochea,AR,1529374326,-38.55,-58.74,52.47,66,18.05,20
112,Maragogi,BR,1529374050,-9.01,-35.22,75.6,84,6.87,100
113,Shetpe,KZ,1529374326,44.14,52.16,70.2,57,4.52,20
114,Visby,SE,1529371200,57.64,18.3,62.6,77,18.34,32
115,Pontianak,ID,1529374327,-0.02,109.34,85.32,90,5.19,36
116,Reporoa,NZ,1529374327,-38.44,176.35,50.13,100,2.62,92
117,Hermanus,ZA,1529374327,-34.42,19.24,51.3,98,7.99,64
118,Finschhafen,PG,1529374327,-6.6,147.85,79.47,81,3.85,48
119,Hofn,IS,1529374327,64.25,-15.21,47.07,97,10.11,92
120,Strezhevoy,RU,1529371800,60.73,77.6,57.2,100,4.47,75
121,Valverde del Camino,ES,1529374328,37.57,-6.75,62.73,71,2.62,0
122,North Myrtle Beach,US,1529372400,33.83,-78.68,82.4,94,6.93,1
123,Klyuchi,RU,1529374328,52.25,79.17,60.75,99,7.54,92
124,Kolokani,ML,1529374328,13.58,-8.03,80.73,54,9.55,68
125,Maskinonge,CA,1529374328,46.23,-73.02,65.16,78,9.78,32
126,Grindavik,IS,1529373600,63.84,-22.43,44.6,93,5.82,75
127,Carlisle,GB,1529369400,54.89,-2.94,44.6,93,17.22,0
128,Kurayoshi,JP,1529370000,35.43,133.83,82.4,54,8.05,75
129,Palencia,ES,1529374329,42.01,-4.53,57.78,74,12.91,0
130,Guerrero Negro,MX,1529374329,27.97,-114.04,61.92,86,13.47,0
131,Hovd,MN,1529374329,48.01,91.64,70.56,44,4.18,76
132,Luderitz,NA,1529374330,-26.65,15.16,53.1,92,8.66,44
133,Yerbogachen,RU,1529374330,61.28,108.01,75.69,47,4.52,0
134,Lokosovo,RU,1529374330,61.13,74.84,59.49,84,4.63,20
135,Xunchang,CN,1529374330,28.45,104.71,73.35,93,3.18,88
136,Sungaipenuh,ID,1529374330,-2.08,101.38,72.45,90,1.72,88
137,Victoria,SC,1529370000,-4.62,55.45,78.8,88,13.87,40
138,Scarborough,TT,1529370000,11.18,-60.73,77.0,88,9.17,40
139,Chickasha,US,1529372820,35.05,-97.94,87.8,62,13.87,1
140,Namibe,AO,1529374331,-15.19,12.15,66.96,100,5.41,8
141,Karangampel,ID,1529374331,-6.46,108.44,84.06,98,8.88,0
142,Pingliang,CN,1529374290,35.54,106.68,70.74,83,4.18,68
143,Altay,CN,1529374331,47.83,88.13,59.85,80,2.73,24
144,Agadir,MA,1529371800,30.42,-9.58,62.6,88,2.24,40
145,Beringovskiy,RU,1529374332,63.05,179.32,45.45,100,1.83,0
146,Armacao de Pera,PT,1529371800,37.1,-8.36,66.2,93,9.17,0
147,Samarai,PG,1529374332,-10.62,150.67,76.86,100,17.83,92
148,Aljezur,PT,1529374332,37.31,-8.8,65.88,88,3.29,0
149,Luganville,VU,1529374332,-15.51,167.18,77.31,100,12.91,92
150,Qandala,SO,1529374332,11.47,49.87,78.48,67,5.08,20
151,Rumia,PL,1529371800,54.57,18.4,57.2,87,1.12,0
152,Chicama,PE,1529373600,-7.84,-79.15,64.4,88,6.93,90
153,Aranos,NA,1529374333,-24.14,19.11,40.77,50,2.73,0
154,Riyadh,SA,1529370000,24.63,46.72,82.4,15,4.7,0
155,Fernandopolis,BR,1529374333,-20.28,-50.25,67.41,64,7.2,44
156,Devils Lake,US,1529372100,48.11,-98.87,69.8,49,3.36,1
157,Marfino,RU,1529371800,56.07,37.56,64.4,72,4.47,0
158,Balkanabat,TM,1529374334,39.51,54.36,75.96,32,1.95,20
159,Baruun-Urt,MN,1529374334,46.68,113.28,68.85,62,9.1,0
160,Sindor,RU,1529374334,62.87,51.9,62.01,67,4.63,0
161,Santa Helena de Goias,BR,1529374334,-17.81,-50.6,69.03,65,7.54,36
162,Carman,CA,1529372100,49.51,-98.0,77.0,36,5.82,1
163,Comodoro Rivadavia,AR,1529373600,-45.87,-67.48,53.6,50,13.87,0
164,Vigrestad,NO,1529369400,58.57,5.7,55.4,82,14.99,75
165,Puerto Carreno,CO,1529374335,6.19,-67.49,67.5,100,2.51,92
166,Kokkola,FI,1529371200,63.84,23.13,53.6,81,10.29,0
167,Yulara,AU,1529370000,-25.24,130.99,51.8,29,3.36,12
168,Port Hedland,AU,1529371800,-20.31,118.58,73.4,25,12.75,56
169,Batagay-Alyta,RU,1529374335,67.8,130.41,59.04,83,4.97,8
170,Sao Filipe,CV,1529374335,14.9,-24.5,71.46,100,9.66,12
171,Plouzane,FR,1529371800,48.38,-4.62,59.0,100,3.36,90
172,Boat of Garten,GB,1529373000,57.25,-3.76,50.0,81,18.34,20
173,Rikitea,PF,1529374336,-23.12,-134.97,72.45,100,19.62,92
174,Cabedelo,BR,1529373600,-6.97,-34.84,73.4,94,3.36,75
175,Ixtacomitan,MX,1529374337,17.43,-93.1,74.16,84,1.61,8
176,Biak,ID,1529374337,-0.91,122.88,81.18,88,4.85,64
177,Nemuro,JP,1529370000,43.32,145.57,59.0,100,9.17,75
178,Salihorsk,BY,1529374337,52.79,27.54,62.01,84,1.39,0
179,Coahuayana,MX,1529374337,18.62,-100.35,65.7,96,1.72,100
180,Roald,NO,1529373000,62.58,6.12,50.0,87,16.11,92
181,Malabo,GQ,1529370000,3.75,8.78,75.2,88,13.87,75
182,Hirara,JP,1529371200,24.8,125.28,84.2,83,23.04,75
183,Margate,ZA,1529374338,-30.86,30.37,60.03,91,1.39,20
184,Tual,ID,1529374338,-5.67,132.75,79.38,100,13.47,48
185,Peace River,CA,1529370000,56.23,-117.29,84.2,35,2.24,20
186,Sobinka,RU,1529374338,55.99,40.02,68.67,54,4.97,0
187,Nadym,RU,1529374339,65.53,72.51,62.73,72,12.35,92
188,Ritchie,ZA,1529370000,-29.03,24.6,41.0,48,3.36,0
189,Nelson Bay,AU,1529371800,-32.72,152.14,50.0,100,16.11,90
190,Deniliquin,AU,1529374339,-35.53,144.96,55.35,81,5.19,0
191,Dukat,RU,1529374339,62.55,155.55,59.4,56,3.62,68
192,Alpena,US,1529372100,45.06,-83.43,71.6,72,6.93,1
193,Sitka,US,1529374340,37.17,-99.65,84.24,43,11.79,0
194,Ipswich,GB,1529373360,52.06,1.15,66.2,82,11.41,68
195,Eureka,US,1529373600,40.8,-124.16,59.0,87,6.93,90
196,Fortuna,US,1529373600,40.6,-124.16,59.0,82,11.41,1
197,Sioux Lookout,CA,1529370000,50.1,-91.92,75.2,36,4.7,40
198,Maraa,BR,1529374341,-1.83,-65.37,72.18,100,1.16,92
199,Redcar,GB,1529373000,54.62,-1.06,59.0,81,4.7,0
200,Vozhega,RU,1529374341,60.47,40.21,68.76,61,5.97,80
201,Takoradi,GH,1529374341,4.89,-1.75,75.6,100,12.46,92
202,Kalabo,ZM,1529374341,-15.0,22.67,51.39,62,6.76,0
203,Komsomolskiy,RU,1529374342,67.55,63.78,41.13,93,18.72,56
204,Morgan City,US,1529372100,29.7,-91.21,75.2,100,4.7,1
205,Dikson,RU,1529374342,73.51,80.55,32.67,97,17.83,88
206,Hit,IQ,1529374342,33.64,42.83,75.33,45,9.66,0
207,Olinda,BR,1529373600,-22.82,-43.41,69.8,73,9.17,75
208,Hokitika,NZ,1529374342,-42.72,170.96,54.36,81,6.98,0
209,Baoro,CF,1529374342,5.69,15.95,65.79,99,8.21,92
210,Kysyl-Syr,RU,1529374343,63.9,122.77,65.34,44,6.98,0
211,Viru,PE,1529373600,-8.42,-78.75,64.4,88,6.93,90
212,Esso,RU,1529374343,55.93,158.7,42.75,96,2.28,0
213,Port Elizabeth,ZA,1529370000,-33.92,25.57,55.4,71,5.82,0
214,Florianopolis,BR,1529373600,-27.6,-48.55,60.8,93,2.73,75
215,Santa Rosa,AR,1529374174,-36.62,-64.29,46.08,74,9.89,20
216,Greencastle,US,1529372100,39.64,-86.86,87.8,74,8.05,1
217,Xapuri,BR,1529374344,-10.65,-68.5,63.09,86,3.29,0
218,Partizanskoye,RU,1529374344,53.35,78.35,60.66,90,4.63,92
219,Port-Gentil,GA,1529374344,-0.72,8.78,75.42,100,11.34,44
220,Oudtshoorn,ZA,1529370000,-33.59,22.2,48.2,76,5.82,0
221,Kuito,AO,1529374344,-12.38,16.94,38.16,73,2.62,0
222,Walvis Bay,NA,1529370000,-22.95,14.51,48.2,93,3.36,0
223,Constitucion,MX,1529372820,23.99,-104.67,62.6,88,4.7,90
224,Kailua,US,1529369820,21.39,-157.74,87.8,65,8.05,1
225,Anloga,GH,1529370000,5.79,0.9,71.6,94,3.36,20
226,Kabanjahe,ID,1529374345,3.1,98.49,77.58,69,2.39,80
227,Kisesa,TZ,1529374345,-2.55,33.05,65.97,92,8.55,0
228,Maltahohe,NA,1529374345,-24.83,16.98,39.24,58,7.2,0
229,Vanimo,PG,1529374345,-2.67,141.3,80.1,100,3.18,32
230,Vaitape,PF,1529374346,-16.52,-151.75,78.21,100,16.15,92
231,Pizarro,CO,1529374346,4.95,-77.37,78.03,100,1.5,64
232,Lorengau,PG,1529374256,-2.02,147.27,84.6,100,3.18,8
233,Sarkand,KZ,1529374052,45.41,79.91,74.25,56,11.56,92
234,Atar,MR,1529374346,20.52,-13.05,73.98,35,4.63,0
235,Lucea,JM,1529373600,18.44,-78.17,82.4,78,3.36,20
236,Itarema,BR,1529374346,-2.92,-39.92,74.52,95,7.43,36
237,Havoysund,NO,1529373000,71.0,24.66,46.4,100,11.41,90
238,Volodarskiy,RU,1529371800,46.4,48.54,64.4,42,6.71,0
239,Antalaha,MG,1529374347,-14.9,50.28,72.81,98,14.14,92
240,Marsh Harbour,BS,1529374307,26.54,-77.06,79.11,100,7.65,0
241,Ambulu,ID,1529374347,-8.35,113.61,81.0,89,4.74,24
242,Great Yarmouth,GB,1529373000,52.61,1.73,64.4,82,13.87,44
243,Skibbereen,IE,1529373600,51.55,-9.27,55.4,93,2.24,75
244,Tongren,CN,1529374348,27.72,109.18,84.15,72,8.66,68
245,Cairns,AU,1529371800,-16.92,145.77,75.2,31,17.22,20
246,Xucheng,CN,1529374348,33.0,118.51,79.92,83,11.12,92
247,Northam,AU,1529371800,-31.65,116.67,57.2,82,6.93,75
248,Bermeo,ES,1529371800,43.42,-2.72,62.6,93,4.7,92
249,Kedrovyy,RU,1529371800,56.17,91.82,64.4,72,2.24,0
250,College,US,1529373480,64.86,-147.8,69.8,46,8.05,75
251,Hamilton,BM,1529373300,32.3,-64.78,73.4,73,5.82,40
252,San Cristobal,EC,1529374349,-1.02,-79.44,57.15,100,1.83,0
253,Kirakira,SB,1529374349,-10.46,161.92,79.92,100,13.13,44
254,Krasnooktyabrskiy,RU,1529371800,44.93,38.37,59.0,82,6.71,0
255,Cayenne,GF,1529373600,4.94,-52.33,73.4,100,6.42,32
256,Mount Hagen,PG,1529370000,-5.86,144.23,71.6,64,9.17,40
257,Maloy,NO,1529373000,61.94,5.11,51.8,76,18.34,92
258,Half Moon Bay,US,1529373300,37.46,-122.43,78.8,87,6.93,90
259,Gweta,BW,1529374350,-20.21,25.26,45.81,66,2.73,0
260,Birao,CF,1529374350,10.3,22.78,69.93,89,8.88,36
261,Isla Mujeres,MX,1529372400,21.23,-86.73,80.6,88,8.05,40
262,San Ramon,BO,1529374350,-13.27,-64.62,62.46,86,7.99,0
263,Magoula,GR,1529371200,38.08,23.52,68.0,82,5.82,20
264,Srivardhan,IN,1529374351,18.03,73.02,74.97,100,6.08,92
265,Rozivka,UA,1529374351,47.51,38.15,64.17,36,6.53,0
266,Bukama,CD,1529374351,-9.2,25.85,59.13,75,3.74,0
267,Rostov-na-Donu,RU,1529374351,47.24,39.71,63.18,47,3.62,0
268,Muravlenko,RU,1529374351,63.79,74.5,56.07,100,7.31,92
269,Fort-Shevchenko,KZ,1529374055,44.51,50.26,71.37,82,9.55,48
270,Bathsheba,BB,1529373600,13.22,-59.52,75.2,88,9.17,40
271,High Level,CA,1529370000,58.52,-117.13,84.2,35,3.36,40
272,Liaocheng,CN,1529374352,36.44,115.96,86.67,65,4.74,12
273,Blagoyevo,RU,1529374352,63.37,47.92,63.54,54,3.4,24
274,Severo-Kurilsk,RU,1529374245,50.68,156.12,45.0,91,3.62,0
275,Bronnoysund,NO,1529373000,65.46,12.2,46.4,100,6.93,92
276,Leshukonskoye,RU,1529374352,64.9,45.76,62.73,51,4.85,0
277,Raudeberg,NO,1529373000,61.99,5.14,51.8,76,18.34,92
278,Shimanovsk,RU,1529374353,52.0,127.67,61.11,62,6.87,88
279,Atuona,PF,1529374239,-9.8,-139.03,80.73,100,17.72,0
280,Shingu,JP,1529370000,33.72,135.99,69.8,88,4.7,75
281,Agaro,ET,1529374353,7.86,36.59,58.5,100,2.17,88
282,Alugan,PH,1529374353,12.22,125.48,85.23,95,3.51,56
283,Hobyo,SO,1529374353,5.35,48.53,74.7,87,18.16,8
284,Kaitangata,NZ,1529374354,-46.28,169.85,44.82,90,12.68,76
285,Arraial do Cabo,BR,1529374354,-22.97,-42.02,69.75,96,10.0,68
286,Waingapu,ID,1529374354,-9.65,120.26,85.95,58,10.22,0
287,Mount Isa,AU,1529371800,-20.73,139.49,62.6,23,14.99,0
288,Kumano,JP,1529371500,34.34,132.59,71.6,94,3.36,75
289,Evensk,RU,1529374354,61.92,159.24,44.1,100,6.98,32
290,Longyearbyen,SJ,1529373000,78.22,15.64,42.8,48,17.22,0
291,Iquique,CL,1529373600,-20.22,-70.14,59.0,72,2.62,75
292,Dhidhdhoo,MV,1529374355,6.88,73.1,83.52,98,17.05,80
293,Gustavo Diaz Ordaz,MX,1529372820,24.01,-104.69,62.6,88,4.7,90
294,Vestmannaeyjar,IS,1529374355,63.44,-20.27,45.9,90,15.26,76
295,Makakilo City,US,1529369820,21.35,-158.09,87.8,58,10.29,1
296,Nanortalik,GL,1529374355,60.14,-45.24,35.46,100,3.96,88
297,Bereznik,RU,1529374356,62.86,42.71,67.95,50,4.18,88
298,Karratha,AU,1529374356,-20.74,116.85,76.41,19,12.01,68
299,Pangnirtung,CA,1529374356,66.15,-65.72,30.06,98,2.17,64
300,Pochutla,MX,1529374356,15.74,-96.47,81.9,100,10.11,8
301,Taoudenni,ML,1529374356,22.68,-3.98,95.94,14,14.25,20
302,Wattegama,LK,1529374357,7.35,80.68,74.43,96,6.98,56
303,San Javier,BO,1529374357,-16.27,-62.5,61.38,73,3.18,8
304,Shalinskoye,RU,1529374357,55.72,93.76,73.35,60,5.41,20
305,Sobolevo,RU,1529374357,54.43,31.9,62.64,84,3.96,12
306,Poum,NC,1529374357,-20.23,164.02,69.75,100,6.87,100
307,Manacapuru,BR,1529374092,-3.3,-60.62,73.08,99,3.06,80
308,Binga,CD,1529374358,0.52,29.32,65.61,100,1.72,92
309,Te Anau,NZ,1529374358,-45.41,167.72,39.33,96,2.17,92
310,Nouadhibou,MR,1529370000,20.93,-17.03,66.2,82,14.99,0
311,Ostrovnoy,RU,1529374358,68.05,39.51,58.05,81,15.93,80
312,Golyshmanovo,RU,1529374358,56.4,68.37,54.63,100,4.97,64
313,Bangassou,CF,1529374358,4.74,22.82,67.95,100,3.74,92
314,Sibu,MY,1529370000,2.29,111.83,77.0,83,5.82,75
315,Port Hueneme,US,1529373300,34.15,-119.2,73.4,63,8.05,1
316,Bulawayo,ZW,1529374359,-20.16,28.59,40.05,78,2.73,0
317,Copiapo,CL,1529373600,-27.37,-70.33,53.6,81,2.24,0
318,Jutai,BR,1529374359,-1.71,-47.89,71.82,100,2.51,12
319,Vallenar,CL,1529374359,-28.58,-70.76,47.07,59,3.4,0
320,Aripuana,BR,1529374360,-9.17,-60.63,75.6,60,4.18,36
321,Bayan,KW,1529373600,29.3,48.05,93.2,26,16.11,0
322,Enid,US,1529372700,36.4,-97.88,87.8,62,10.29,40
323,Plettenberg Bay,ZA,1529374360,-34.05,23.37,58.23,100,19.39,0
324,Gariaband,IN,1529374360,20.63,82.06,84.96,69,10.22,0
325,Linhares,BR,1529374360,-19.38,-40.06,67.68,99,12.12,92
326,Floro,NO,1529373000,61.6,5.03,51.8,76,18.34,92
327,Laviana,ES,1529371800,43.23,-5.53,60.8,93,6.93,0
328,Frontera,MX,1529372700,18.53,-92.64,82.4,83,6.93,75
329,Vertientes,CU,1529373000,21.26,-78.15,75.2,88,5.82,20
330,Sabang,ID,1529374361,1.17,120.82,84.42,100,4.63,0
331,Jumla,NP,1529374361,29.28,82.18,46.8,87,1.95,0
332,Valparaiso,CL,1529373600,-33.04,-71.63,50.0,93,5.82,90
333,Vostok,RU,1529374362,46.45,135.83,72.81,56,6.87,56
334,Nuuk,GL,1529373000,64.17,-51.74,32.0,100,6.93,32
335,Presidencia Roque Saenz Pena,AR,1529374296,-26.79,-60.44,51.75,82,10.11,0
336,Tukan,RU,1529374362,53.84,57.45,63.18,62,3.74,0
337,Mabaruma,GY,1529374362,8.2,-59.78,77.49,95,5.64,36
338,Svetlogorsk,RU,1529371800,53.14,59.15,60.8,67,6.71,75
339,Krasnokamensk,RU,1529374362,50.1,118.04,64.8,60,11.79,12
340,Lucapa,AO,1529374362,-8.42,20.74,55.8,73,3.4,12
341,Terrace Bay,CA,1529374363,48.78,-87.1,49.95,76,4.41,0
342,Havre-Saint-Pierre,CA,1529371620,50.23,-63.6,50.0,100,2.24,90
343,Tabou,CI,1529374363,4.42,-7.36,79.83,100,16.49,92
344,Kavieng,PG,1529374363,-2.57,150.8,85.23,100,2.17,36
345,Vanderhoof,CA,1529374363,54.02,-124.02,76.68,59,2.95,12
346,Gijon,ES,1529371800,43.54,-5.66,60.8,93,6.93,88
347,Kautokeino,NO,1529374364,69.01,23.04,47.79,95,5.08,68
348,Nhulunbuy,AU,1529371800,-12.18,136.78,82.4,58,18.34,40
349,Eskil,TR,1529374364,38.4,33.41,56.07,94,3.74,0
350,Kruisfontein,ZA,1529374364,-34.0,24.73,56.52,90,16.49,0
351,Suda,RU,1529374364,59.15,37.56,69.21,63,6.87,48
352,Grants,US,1529372100,35.15,-107.85,84.2,14,12.75,1
353,Tacuarembo,UY,1529374365,-31.73,-55.98,33.48,83,3.62,0
354,Kortkeros,RU,1529371800,61.81,51.56,53.6,87,2.24,0
355,Priiskovyy,RU,1529374365,51.93,116.63,65.52,72,11.23,8
356,Koppal,IN,1529374365,15.35,76.15,75.42,88,15.48,32
357,Boa Vista,BR,1529374366,2.82,-60.67,73.26,100,4.07,88
358,Beloha,MG,1529374366,-25.17,45.06,56.88,76,5.64,0
359,Morro Bay,US,1529373180,35.37,-120.85,84.2,32,14.99,1
360,Muros,ES,1529371800,42.77,-9.06,57.2,93,4.7,0
361,Busselton,AU,1529374366,-33.64,115.35,62.73,100,16.26,80
362,Ruidoso,US,1529372100,33.33,-105.67,95.0,26,13.87,75
363,The Valley,AI,1529373600,18.22,-63.06,80.6,78,5.82,20
364,Isaccea,RO,1529371800,45.27,28.46,62.6,72,4.7,0
365,Tambo Grande,PE,1529374367,-4.93,-80.34,65.61,88,3.4,0
366,Carnduff,CA,1529374367,49.17,-101.8,66.78,56,2.95,32
367,Los Llanos de Aridane,ES,1529371800,28.66,-17.92,69.8,64,10.29,76
368,Ballina,IE,1529374367,54.11,-9.15,49.95,85,7.31,76
369,Cockburn Town,BS,1529374367,24.03,-74.52,80.1,100,2.39,0
370,Sal Rei,CV,1529370000,16.18,-22.92,71.6,73,11.41,75
371,Deer Lake,CA,1529370000,49.18,-57.43,46.4,93,9.17,90
372,Mamallapuram,IN,1529371800,12.63,80.17,86.0,62,8.05,20
373,Tabas,IR,1529374368,33.6,56.92,77.13,23,2.62,0
374,Tabuk,SA,1529370000,28.38,36.58,78.8,29,10.29,0
375,Cabo San Lucas,MX,1529372760,22.89,-109.91,84.2,39,6.93,5
376,Dunedin,NZ,1529374368,-45.87,170.5,42.84,84,10.0,24
377,Of,TR,1529371200,40.94,40.27,71.6,68,4.7,75
378,Saint-Augustin,CA,1529373240,45.63,-73.98,71.6,88,10.29,75
379,Hoi An,VN,1529371800,15.88,108.33,91.4,52,10.29,75
380,Cambrils,ES,1529371800,41.07,1.07,71.6,56,8.05,8
381,Khorramshahr,IR,1529370000,30.43,48.18,91.4,24,18.34,0
382,Parabel,RU,1529374369,58.71,81.5,56.88,99,5.41,92
383,Westport,NZ,1529374369,-41.75,171.6,52.11,64,3.74,0
384,Muscat,OM,1529369400,23.6,58.55,87.8,58,3.36,0
385,Chuy,UY,1529374370,-33.69,-53.46,43.83,92,9.33,0
386,Cap-aux-Meules,CA,1529372880,47.38,-61.86,55.4,100,13.87,90
387,Banyo,CM,1529374370,6.75,11.81,64.53,94,4.63,76
388,Camalu,MX,1529374370,30.85,-116.07,61.74,73,8.88,0
389,Albury,AU,1529373600,-36.08,146.92,53.6,66,8.05,0
390,Severo-Yeniseyskiy,RU,1529374370,60.37,93.04,74.43,54,6.42,24
391,Bajram Curri,AL,1529371800,42.36,20.08,75.2,47,10.29,75
392,Treinta y Tres,UY,1529374371,-33.23,-54.39,36.9,85,6.42,0
393,Nikolskoye,RU,1529371800,59.7,30.79,57.2,76,2.24,75
394,Ilam,IR,1529370000,33.64,46.42,64.4,36,2.24,0
395,Mutsu,JP,1529370000,41.29,141.2,59.0,87,4.7,40
396,Sawakin,SD,1529374371,19.1,37.33,78.84,65,2.62,68
397,Lahij,YE,1529374371,13.06,44.88,72.45,67,1.61,0
398,Biskupiec,PL,1529374372,53.87,20.96,54.99,82,2.95,0
399,Butajira,ET,1529374372,8.12,38.38,43.83,89,2.39,0
400,Qaqortoq,GL,1529373000,60.72,-46.03,41.0,75,3.36,12
401,Marawi,SD,1529374372,18.48,31.82,85.23,34,6.76,64
402,Sayville,US,1529372940,40.74,-73.08,78.8,69,6.93,75
403,La Ronge,CA,1529370000,55.1,-105.3,82.4,28,6.93,20
404,Nikel,RU,1529373000,69.41,30.22,53.6,93,12.75,24
405,West Wendover,US,1529369760,40.74,-114.07,75.2,19,17.22,1
406,Mao,TD,1529374170,14.12,15.31,75.15,62,6.98,0
407,Terra Santa,BR,1529374373,-2.1,-56.49,74.61,97,3.74,44
408,Flinders,AU,1529371800,-34.58,150.85,57.2,67,20.8,75
409,Yamada,JP,1529370000,36.58,137.08,84.2,51,4.7,40
410,Leningradskiy,RU,1529374373,69.38,178.42,32.58,97,8.43,68
411,Picota,PE,1529373600,-6.92,-76.33,69.8,94,1.5,20
412,Talnakh,RU,1529374374,69.49,88.39,57.6,81,4.18,68
413,Lakatoro,VU,1529374374,-16.11,167.42,78.93,86,7.31,92
414,Sao Joao da Barra,BR,1529374374,-21.64,-41.05,73.08,100,15.26,56
415,Paragominas,BR,1529374374,-3.0,-47.35,72.99,95,5.75,64
416,Okhotsk,RU,1529374374,59.36,143.24,46.53,91,5.53,88
417,Broken Hill,AU,1529374374,-31.97,141.45,51.39,84,4.63,8
418,Mlimba,TZ,1529374374,-8.78,35.81,64.35,80,2.62,20
419,Constantine,DZ,1529371800,36.36,6.61,60.8,72,5.82,40
420,Bluff,NZ,1529374375,-46.6,168.33,50.13,98,14.47,80
421,Port Macquarie,AU,1529370000,-31.43,152.91,53.6,81,12.75,75
422,Bay Roberts,CA,1529370000,47.58,-53.28,42.8,93,17.22,90
423,Kaitong,CN,1529374375,44.81,123.15,76.05,66,9.66,0
424,Mul,IN,1529374375,20.07,79.68,85.14,68,8.66,32
425,Cape Town,ZA,1529370000,-33.93,18.42,53.6,93,14.99,75
426,Kiama,AU,1529371800,-34.67,150.86,57.2,67,20.8,75
427,Tayu,ID,1529374376,-6.54,111.05,85.59,75,9.44,76
428,Vardo,NO,1529374376,70.37,31.11,50.85,81,15.26,0
429,Atherton,AU,1529371800,-17.27,145.48,75.2,31,17.22,20
430,Sangar,RU,1529374376,63.92,127.47,62.19,58,4.18,36
431,Oussouye,SN,1529374376,12.49,-16.54,76.05,98,12.68,76
432,Katobu,ID,1529374377,-4.94,122.53,82.08,92,6.64,92
433,Santa Maria,CV,1529370000,16.6,-22.9,71.6,73,11.41,75
434,Ahipara,NZ,1529374377,-35.17,173.16,59.22,91,10.89,92
435,Trairi,BR,1529374285,-3.28,-39.27,79.83,100,15.26,64
436,Grezzana,IT,1529371200,45.52,11.02,73.4,82,3.36,20
437,Khorixas,NA,1529374377,-20.37,14.96,43.56,53,3.62,0
438,Cartagena,CO,1529373600,5.03,-75.64,69.8,88,5.82,20
439,Sovetsk,RU,1529374378,55.08,21.89,57.15,84,8.21,0
440,Mahina,PF,1529373600,-17.51,-149.49,84.2,62,4.7,40
441,Champerico,GT,1529374378,14.3,-91.92,78.21,99,1.83,68
442,Qaanaaq,GL,1529374378,77.48,-69.36,32.13,99,1.39,92
443,Huilong,CN,1529374378,31.15,106.5,77.31,99,4.18,68
444,Maceio,BR,1529373600,-9.67,-35.74,71.6,94,4.7,75
445,Guarapari,BR,1529373600,-20.67,-40.5,69.8,88,9.17,75
446,Wewak,PG,1529374379,-3.55,143.63,83.07,77,2.73,36
447,Wahiawa,US,1529369820,21.5,-158.02,87.8,42,9.44,20
448,Sawankhalok,TH,1529370000,17.31,99.83,84.2,74,5.82,20
449,Kushikino,JP,1529372700,31.72,130.27,71.6,88,5.82,75
450,Jacksonville,US,1529372100,30.33,-81.66,82.4,74,9.17,1
451,Mehamn,NO,1529374380,71.03,27.85,53.73,89,11.12,0
452,Visnes,NO,1529373000,59.36,5.22,53.6,76,18.34,88
453,Almaznyy,RU,1529374380,48.03,40.04,60.66,52,2.84,0
454,Morris,CA,1529373300,49.35,-97.37,77.0,40,5.82,1
455,Biltine,TD,1529374380,14.53,20.93,79.11,64,14.92,12
456,Palma di Montechiaro,IT,1529374380,37.19,13.77,63.27,85,5.08,0
457,Cidreira,BR,1529374381,-30.17,-50.22,48.6,89,7.76,0
458,Huadian,CN,1529374381,42.97,126.75,62.91,100,4.74,92
459,Pativilca,PE,1529374381,-10.7,-77.78,60.48,100,6.42,48
460,Keighley,GB,1529373000,53.87,-1.9,59.0,81,14.99,40
461,Alofi,NU,1529373600,-19.06,-169.92,77.0,73,17.22,75
462,Joshimath,IN,1529374381,30.57,79.57,35.91,98,0.16,0
463,Waipawa,NZ,1529374382,-39.94,176.59,49.05,95,12.24,92
464,Kibara,TZ,1529374382,-2.15,33.45,66.06,100,8.99,32
465,Spring Valley,US,1529372940,41.11,-74.04,80.6,100,1.95,75
466,Opuwo,NA,1529374382,-18.06,13.84,41.58,57,3.74,0
467,Ialibu,PG,1529370000,-6.28,143.99,71.6,64,9.17,40
468,Kamenka,RU,1529374383,53.19,44.05,66.51,69,2.95,12
469,Xuchang,CN,1529370000,34.03,113.82,75.2,83,2.24,40
470,Rundu,NA,1529374383,-17.91,19.77,42.93,54,2.95,0
471,Geraldton,AU,1529371800,-28.77,114.6,59.0,72,8.05,40
472,Mahebourg,MU,1529370000,-20.41,57.7,68.0,88,8.05,20
473,Ahuimanu,US,1529369820,21.44,-157.84,87.8,65,8.05,1
474,Eydhafushi,MV,1529374384,5.1,73.07,83.25,98,13.8,36
475,Collie,AU,1529374384,-33.36,116.15,56.25,99,10.78,88
476,Concepcion,PY,1529374384,-23.41,-57.43,56.61,88,6.64,0
477,Puerto Colombia,CO,1529370000,10.99,-74.96,80.6,88,6.93,40
478,Rubtsovsk,RU,1529374384,51.53,81.22,70.65,77,10.11,24
479,Nancha,CN,1529374384,47.14,129.26,63.36,75,6.42,20
480,Helong,CN,1529374385,25.94,116.13,82.35,81,5.3,32
481,Ipojuca,BR,1529373600,-8.4,-35.06,78.8,74,6.93,40
482,Urucara,BR,1529374113,-2.54,-57.76,75.24,95,3.06,68
483,Flin Flon,CA,1529374385,54.77,-101.88,74.43,30,4.63,24
484,Kattivakkam,IN,1529371800,13.22,80.32,86.0,62,8.05,20
485,Kushima,JP,1529372700,31.5,131.29,71.6,88,5.82,75
486,Erzin,RU,1529374385,50.26,95.16,75.96,29,8.43,92
487,Kumluca,TR,1529374386,36.37,30.29,52.56,100,0.38,64
488,Talas,TR,1529371200,38.69,35.55,51.8,93,1.12,0
489,Launceston,AU,1529371800,-41.43,147.14,46.4,70,4.7,0
490,Siyabuswa,ZA,1529374386,-25.11,29.06,36.27,70,2.62,0
491,Gorgan,IR,1529370000,36.84,54.43,71.6,88,11.41,40
492,Ibresi,RU,1529374386,55.3,47.04,67.05,73,3.4,8
493,Salta,AR,1529373600,-24.79,-65.41,46.4,81,5.82,0
494,Wanning,CN,1529374387,18.8,110.4,86.13,95,11.34,56
495,Batetskiy,RU,1529374387,58.65,30.3,58.95,99,5.19,76
496,Gorontalo,ID,1529374387,0.54,123.06,86.04,67,4.18,32
497,Panguna,PG,1529374387,-6.32,155.48,84.24,75,5.64,48
498,Malartic,CA,1529370000,48.14,-78.13,59.0,72,14.99,20
499,Palmerston,AU,1529371800,-12.49,130.99,80.6,26,12.75,0
500,Ilulissat,GL,1529373000,69.22,-51.1,48.2,45,18.34,36
501,Biloela,AU,1529374388,-24.4,150.51,59.76,47,14.25,0
502,Dingle,IE,1529374388,52.14,-10.27,53.1,100,4.29,48
503,Baiyin,CN,1529370000,36.55,104.13,68.0,56,4.47,0
504,Hasaki,JP,1529372040,35.73,140.83,77.0,65,11.41,75
505,Ambon,ID,1529374388,-3.7,128.18,80.55,99,7.99,92
506,Bredasdorp,ZA,1529370000,-34.53,20.04,57.2,67,10.29,76
507,Katsuura,JP,1529370360,33.93,134.5,71.6,94,18.34,75
508,Tongliao,CN,1529374389,43.61,122.27,76.77,73,6.98,0
509,Shache,CN,1529374389,38.42,77.24,75.33,39,6.2,20
510,Suluq,LY,1529369880,31.67,20.25,66.2,82,4.18,40
511,Mana,GF,1529374389,5.67,-53.78,76.5,86,3.18,12
512,Jamestown,SH,1529374389,-15.94,-5.72,70.38,100,16.82,92
513,Kastoria,GR,1529374390,40.52,21.27,53.1,100,2.62,0
514,Durango,ES,1529373600,43.17,-2.63,60.8,93,3.29,92
515,Arman,RU,1529371800,59.7,150.17,57.2,58,8.95,0
516,Portland,AU,1529374390,-33.35,149.98,47.34,87,6.2,88
517,Maniitsoq,GL,1529374390,65.42,-52.9,36.99,86,4.63,44
518,Ardabil,IR,1529374391,38.25,48.3,51.3,76,2.17,0
519,Abashiri,JP,1529370000,44.01,144.25,73.4,56,12.75,75
520,Morehead,PG,1529374391,-8.71,141.64,80.19,87,17.83,92
521,Ojinaga,MX,1529374391,29.57,-104.42,87.48,27,8.99,32
522,Imeni Zhelyabova,RU,1529374391,58.95,36.6,67.23,78,5.75,20
523,Staraya Toropa,RU,1529374391,56.28,31.67,62.64,80,10.0,0
524,Tilichiki,RU,1529374392,60.47,166.1,53.19,73,7.99,0
525,Diu,IN,1529374392,20.71,70.98,84.33,76,5.86,64
526,Barrow,US,1529372100,39.51,-90.4,89.6,70,3.36,1
527,Anadyr,RU,1529371800,64.73,177.51,55.4,35,8.95,0
528,Huron,US,1529370600,44.36,-98.21,71.6,82,14.99,75
529,Port Blair,IN,1529374392,11.67,92.75,80.1,100,23.31,92
530,Tazovskiy,RU,1529374393,67.47,78.7,71.28,72,4.63,8
531,Drumnadrochit,GB,1529373000,57.34,-4.48,50.0,81,18.34,20
532,Belaya Gora,RU,1529374227,68.54,146.19,65.7,38,8.21,36
533,Taperoa,BR,1529374393,-7.21,-36.83,67.5,77,8.66,0
534,Goure,NE,1529374350,13.98,10.27,84.51,45,16.82,20
535,Kriva Palanka,MK,1529371800,42.2,22.33,62.6,88,2.39,20
536,Rio Gallegos,AR,1529373600,-51.62,-69.22,35.6,64,18.34,0
537,Voloshka,RU,1529374393,61.33,40.09,68.58,61,5.53,76
538,Naryan-Mar,RU,1529374394,67.67,53.09,46.08,66,5.75,0
539,Labuhan,ID,1529374394,-2.54,115.51,86.49,70,0.83,0
540,Mgachi,RU,1529374394,51.05,142.27,54.18,91,9.89,100
541,Paamiut,GL,1529374394,61.99,-49.67,36.63,100,8.1,32
542,Zhangjiakou,CN,1529374394,40.77,114.88,72.36,50,7.76,0
543,Bam,IR,1529374394,29.11,58.36,78.21,19,2.95,0
544,New Norfolk,AU,1529371800,-42.78,147.06,50.0,66,9.17,20
545,Udachnyy,RU,1529374395,66.42,112.4,69.66,51,4.18,0
546,Nador,MA,1529371800,35.17,-2.93,68.0,82,1.12,0
547,Calvinia,ZA,1529374395,-31.47,19.78,45.18,97,3.74,88
548,Gold Coast,AU,1529371800,-28.0,153.41,66.2,29,14.99,0
549,Kangavar,IR,1529374395,34.5,47.96,50.22,66,2.06,0
550,Tanout,NE,1529374396,14.97,8.88,76.95,38,11.45,0
551,Vao,NC,1529374396,-22.67,167.48,68.31,100,16.82,92
552,Ushuaia,AR,1529373600,-54.81,-68.31,35.6,94,10.29,40
553,Hue,VN,1529371800,16.47,107.58,87.8,70,4.7,0
554,Khovu-Aksy,RU,1529374396,51.13,93.72,77.85,23,0.6,92
555,Zyryanka,RU,1529374396,65.73,150.89,63.36,36,5.08,0
556,Cedar City,US,1529369580,37.68,-113.06,78.8,9,12.75,1
557,Del Rio,US,1529369820,29.36,-100.9,93.2,46,12.75,20
558,San Patricio,MX,1529372880,19.22,-104.7,80.6,83,9.17,75
559,Marystown,CA,1529374397,47.17,-55.16,46.26,95,23.09,100
560,Rutul,RU,1529370000,41.53,47.42,62.6,93,11.41,90
561,Mattru,SL,1529374397,7.62,-11.83,73.35,100,3.62,76
562,Omagh,GB,1529373000,54.6,-7.3,48.2,81,10.29,40
563,Tezu,IN,1529374397,27.93,96.16,70.11,91,0.94,80
564,Ko Samui,TH,1529371800,9.54,99.94,86.0,79,22.53,20
565,Blythe,US,1529373120,33.61,-114.59,96.8,8,5.82,1
566,Norman Wells,CA,1529370000,65.28,-126.83,82.4,32,9.17,75
567,Weiser,US,1529369580,44.25,-116.97,73.4,46,4.7,75
568,Nosy Varika,MG,1529374398,-20.58,48.53,65.7,100,2.39,20
569,Hualmay,PE,1529374398,-11.1,-77.61,55.89,94,3.74,24
570,Kapaa,US,1529369760,22.08,-159.32,82.4,69,12.75,1
571,Narsaq,GL,1529373000,60.91,-46.05,41.0,75,3.36,32
572,Lithgow,AU,1529371800,-33.48,150.16,60.8,59,16.11,75
573,Paita,PE,1529374399,-5.09,-81.11,63.36,96,3.74,32
574,Saldanha,ZA,1529370000,-33.01,17.94,51.8,93,3.36,92
575,Susanville,US,1529372100,40.42,-120.65,71.6,30,10.29,75
576,Husavik,IS,1529373600,66.04,-17.34,42.8,87,16.11,90
577,Una,BR,1529374399,-15.29,-39.07,73.35,100,9.33,88
578,Dalvik,IS,1529373600,65.97,-18.53,42.8,87,16.11,90
579,Mosquera,CO,1529370000,4.71,-74.23,55.4,71,8.05,40
580,Ottersberg,DE,1529373000,53.11,9.14,59.0,87,6.93,0
581,Arrifes,PT,1529371800,37.77,-25.7,69.8,77,3.36,75
582,Mnogovershinnyy,RU,1529374400,53.94,139.92,54.63,84,3.4,92
583,Homer,US,1529373180,59.64,-151.54,57.2,62,12.75,1
584,Veraval,IN,1529374209,20.9,70.37,85.05,82,9.78,88
585,Grimmen,DE,1529371920,54.11,13.04,59.0,100,5.82,75
586,Huarmey,PE,1529374401,-10.07,-78.15,54.0,86,2.84,0
587,Cherskiy,RU,1529374401,68.75,161.3,50.13,55,7.2,24
588,Mantua,CU,1529374401,22.29,-84.28,76.41,94,2.73,64
589,Keflavik,IS,1529373600,64.0,-22.56,44.6,93,5.82,75
590,Rimouski,CA,1529370000,48.45,-68.52,66.2,93,13.87,90
591,Quchan,IR,1529374402,37.11,58.51,66.33,50,3.18,0
592,Villa Carlos Paz,AR,1529373600,-31.42,-64.5,51.8,62,11.41,0
593,Coihaique,CL,1529373600,-45.58,-72.07,39.2,93,12.75,20
594,Abu Kamal,SY,1529374402,34.45,40.92,70.2,54,5.86,0
595,Upernavik,GL,1529374402,72.79,-56.15,35.55,85,16.93,92
596,Bauta,CU,1529373300,22.98,-82.55,77.0,94,4.7,20
597,Kitwe,ZM,1529374403,-12.81,28.21,51.66,88,6.08,0
598,Mildura,AU,1529374403,-34.18,142.16,51.93,85,4.63,36
599,Menongue,AO,1529374403,-14.66,17.68,46.17,75,2.28,0
600,Mangalam,IN,1529371800,12.6,80.07,86.0,62,8.05,20
601,Port Pirie,AU,1529370000,-33.18,138.01,50.0,66,13.87,68
602,Harnosand,SE,1529373000,62.63,17.94,57.2,76,8.05,88
603,Berck,FR,1529371800,50.41,1.57,59.0,100,10.29,90
604,Bowen,AU,1529370000,-20.01,148.25,66.2,32,11.41,0
605,Esperance,AU,1529374404,-33.86,121.89,53.91,88,10.78,0
606,Estelle,US,1529373000,32.87,-97.01,89.6,69,8.05,5
607,Hambantota,LK,1529374404,6.12,81.12,80.46,99,13.47,76
608,Hilo,US,1529369760,19.71,-155.08,80.6,65,10.29,1
609,Makat,KZ,1529374404,47.65,53.35,72.63,33,4.52,0
610,Bachhraon,IN,1529374404,28.93,78.22,87.93,71,5.08,56
611,Palm Beach,US,1529373180,42.38,-88.2,73.4,93,4.7,90
612,Mazagao,BR,1529373600,-0.12,-51.29,80.6,83,9.17,40
613,Teya,RU,1529374405,60.37,92.63,73.8,51,6.98,32
614,Mount Gambier,AU,1529374405,-37.83,140.78,50.13,87,5.86,20
615,Belyy Yar,RU,1529371800,53.6,91.39,71.6,68,4.47,0
616,Alta Floresta,BR,1529374405,-9.87,-56.08,76.32,66,2.84,36
617,Coquimbo,CL,1529373600,-29.95,-71.34,51.8,87,2.24,90
618,Souillac,MU,1529370000,-20.52,57.52,68.0,88,8.05,20
619,Morondava,MG,1529374406,-20.3,44.28,66.51,100,3.06,0
620,Russell,NZ,1529374406,-35.26,174.12,60.66,76,8.99,56
621,Verkh-Usugli,RU,1529374406,52.7,115.17,64.08,56,7.2,8
622,Camacha,PT,1529371800,33.08,-16.33,66.2,88,14.99,75
623,Shenzhen,CN,1529371800,22.54,114.05,86.0,74,13.87,20
624,Bhadrachalam,IN,1529374407,17.67,80.89,85.32,65,10.22,68
625,Zhengjiatun,CN,1529374407,43.51,123.51,74.7,86,10.0,0
626,Kimbe,PG,1529374407,-5.56,150.15,81.36,100,3.74,76
627,Qena,EG,1529370000,26.16,32.72,84.2,35,4.7,0
628,Republic,US,1529369580,48.65,-118.74,87.8,22,12.75,1
629,Jishou,CN,1529374408,28.26,109.7,85.23,80,8.66,80
630,Roebourne,AU,1529374408,-20.77,117.15,76.41,19,12.01,68
631,Diego de Almagro,CL,1529374408,-26.39,-70.05,46.08,82,0.6,0
632,Hervey Bay,AU,1529374408,-25.3,152.85,62.1,100,12.01,0
633,Dolores Hidalgo,MX,1529372460,21.16,-100.93,62.6,93,5.82,90
634,Namatanai,PG,1529374408,-3.66,152.44,85.23,95,4.18,24
635,Esmeraldas,EC,1529373600,-1.87,-79.8,75.2,78,12.75,75
636,Costa Rica,MX,1529372460,24.59,-107.39,86.0,62,11.41,5
637,Quatre Cocos,MU,1529370000,-20.21,57.76,68.0,88,8.05,20
638,Nigde,TR,1529374409,37.97,34.68,42.93,86,0.6,8
639,Vila Velha,BR,1529373600,-3.71,-38.6,78.8,83,8.05,75
640,Hithadhoo,MV,1529374409,-0.6,73.08,81.9,100,15.59,76
641,Ponta do Sol,CV,1529374409,17.2,-25.09,70.38,100,8.55,88
642,Armidale,AU,1529374410,-30.51,151.67,45.27,92,8.99,88
643,Puerto Escondido,MX,1529374410,15.86,-97.07,83.7,100,9.22,12
644,Waddan,LY,1529374410,29.16,16.14,66.6,70,7.54,0
645,Hami,CN,1529374410,42.84,93.51,89.37,28,1.39,100
646,Vaini,TO,1529370000,-21.2,-175.2,80.6,69,10.29,75
647,Haines Junction,CA,1529374410,60.75,-137.51,57.6,55,6.98,92
648,Aketi,CD,1529374411,2.74,23.78,67.95,100,3.74,100
649,Isangel,VU,1529374411,-19.55,169.27,74.43,100,13.58,92
650,Santa Isabel do Rio Negro,BR,1529374314,-0.41,-65.02,72.18,100,3.62,92
651,Labuan,MY,1529370000,5.33,115.2,87.8,79,1.12,75
652,Honiara,SB,1529373600,-9.43,159.96,86.0,74,8.05,75
653,Kavaratti,IN,1529374411,10.57,72.64,83.25,100,24.2,68
654,Mar del Plata,AR,1529374411,-46.43,-67.52,50.4,57,19.84,68
655,Bakal,RU,1529374412,54.94,58.81,59.13,90,7.65,12
656,Kijang,ID,1529374412,0.9,104.63,85.05,91,13.24,88
657,Vanavara,RU,1529374412,60.35,102.28,77.85,43,3.62,0
658,Barcelos,BR,1529374412,-0.97,-62.93,71.55,100,2.95,92
659,Jojoima,SL,1529374412,7.88,-10.79,71.64,99,3.96,92
660,Uvalde,US,1529373060,29.21,-99.79,87.8,52,9.17,1
661,Bela Vista,BR,1529374413,-22.11,-56.53,58.68,90,5.19,0
662,Coihueco,CL,1529373600,-36.63,-71.83,42.8,100,2.24,90
663,Korla,CN,1529374413,41.76,86.15,66.06,87,4.29,80
664,Soligalich,RU,1529374414,59.08,42.29,68.85,82,4.52,8
665,La Orilla,MX,1529374414,18.0,-102.23,75.24,100,1.5,92
666,San Rafael,AR,1529374414,-34.61,-68.33,31.14,70,2.39,0
667,Buraydah,SA,1529370000,26.33,43.97,84.2,35,3.36,0
668,Beruwala,LK,1529374414,6.48,79.98,81.63,99,10.11,92
669,Brae,GB,1529373000,60.4,-1.35,50.0,81,33.33,92
670,Baniachang,BD,1529374414,24.52,91.37,80.55,96,8.66,92
671,Deputatskiy,RU,1529374264,69.3,139.9,70.83,38,6.76,8
672,Bambanglipuro,ID,1529374415,-7.95,110.28,83.52,66,5.19,20
673,Iqaluit,CA,1529370000,63.75,-68.52,39.2,80,2.06,75
674,Berberati,CF,1529374415,4.26,15.79,68.4,96,10.33,100
675,Aklavik,CA,1529370000,68.22,-135.01,73.4,35,8.05,90
676,Tuatapere,NZ,1529374415,-46.13,167.69,46.8,100,8.1,92
677,Inza,RU,1529374415,53.86,46.36,64.53,51,3.74,0
678,Roma,AU,1529374416,-26.57,148.79,53.28,71,13.8,0
679,Bolu,TR,1529374416,40.73,31.61,53.28,95,1.72,92
680,Saint-Pierre,PM,1529374251,46.77,-56.17,46.26,90,30.47,92
681,Nerchinskiy Zavod,RU,1529374416,51.31,119.61,61.65,60,8.99,8
682,Lethem,GY,1529374416,3.38,-59.8,73.35,97,4.52,68
683,Srednekolymsk,RU,1529374416,67.46,153.71,56.34,44,5.41,36
684,Zaltan,LY,1529374416,32.95,11.87,69.75,99,9.78,0
685,Lowestoft,GB,1529373000,52.48,1.75,64.4,82,13.87,68
686,Yellowknife,CA,1529370000,62.45,-114.38,69.8,46,9.17,75
687,Tamworth,AU,1529371800,-31.09,150.93,53.6,54,11.41,90
688,Rincon,US,1529373300,32.3,-81.24,82.4,83,8.05,20
689,Navsari,IN,1529374417,20.95,72.93,81.45,80,12.91,80
690,Dano,BF,1529374417,11.14,-3.06,72.45,91,9.22,36
691,Mathathane,BW,1529374418,-22.27,28.75,46.26,74,4.41,0
692,Basco,PH,1529374418,20.45,121.97,83.97,100,20.18,92
693,Shahr-e Babak,IR,1529374418,30.12,55.12,70.56,17,3.74,44
694,Naron,ES,1529373600,43.52,-8.15,62.6,88,3.36,8
695,Maxixe,MZ,1529374186,-23.86,35.35,67.5,100,11.12,0
696,Novobiryusinskiy,RU,1529374418,56.96,97.71,72.0,58,9.44,56
697,Lukovetskiy,RU,1529371800,64.29,41.92,64.4,72,4.47,40
698,Naze,JP,1529370000,28.37,129.48,82.4,88,11.41,75
699,Morgaushi,RU,1529371800,55.96,46.77,66.2,45,4.47,0
700,Robertsport,LR,1529374419,6.75,-11.37,76.32,100,10.11,76
701,Fitchburg,US,1529370840,42.58,-71.8,75.2,100,6.93,20
702,Abnub,EG,1529370000,27.27,31.15,80.6,47,3.96,0
703,Manzhouli,CN,1529374419,49.6,117.43,66.15,59,14.25,0
704,Andenes,NO,1529373000,69.31,16.12,46.4,100,9.17,75
705,Tura,RU,1529374420,64.27,100.22,72.63,52,2.95,0
706,Loandjili,CG,1529370000,-4.77,11.87,75.2,88,6.93,75
707,Sangueya,GN,1529374420,10.7,-14.37,76.41,88,3.62,76
708,Touros,BR,1529374420,-5.2,-35.46,77.94,82,9.44,68
709,Lebu,CL,1529374420,-37.62,-73.65,54.0,99,2.51,92
710,Rio Grande,BR,1529374421,-32.03,-52.1,46.89,95,6.98,0
711,Christchurch,NZ,1529371800,-43.53,172.64,50.0,76,11.41,8
712,Krasnorechenskiy,RU,1529374421,44.63,135.35,66.96,76,4.29,8
713,Bethel,US,1529373180,60.79,-161.76,57.2,82,9.17,90
714,Manggar,ID,1529374421,-2.88,108.27,87.75,71,11.79,12
715,Lexington,US,1529372100,38.05,-84.5,82.4,78,3.36,1
716,Keskin,TR,1529374422,39.67,33.62,54.99,91,2.73,80
717,Shimoda,JP,1529371800,34.7,138.93,75.2,56,5.82,75
718,Klaksvik,FO,1529373000,62.23,-6.59,48.2,81,26.4,88
719,Wuwei,CN,1529374422,37.93,102.64,69.39,71,5.75,20
720,Saposoa,PE,1529373600,-6.93,-76.77,69.8,94,1.39,20
721,Malayal,PH,1529370000,7.21,121.94,86.0,74,3.18,75
722,Pacific Grove,US,1529373780,36.62,-121.92,64.4,87,9.17,75
723,Tahe,CN,1529374423,52.34,124.71,54.54,100,5.64,92
724,Villa Guerrero,MX,1529374423,21.98,-103.59,64.98,85,1.5,64
725,Nadbai,IN,1529374423,27.22,77.2,93.42,45,4.97,20
726,Moba,CD,1529374423,-7.04,29.77,60.3,100,5.19,0
727,Nizhnevartovsk,RU,1529371800,60.93,76.58,57.2,100,4.47,75
728,Rocha,UY,1529374423,-34.48,-54.34,36.81,77,5.19,0
729,Kameoka,JP,1529370000,35.01,135.51,77.0,65,5.82,75
730,Tamiahua,MX,1529374424,21.28,-97.45,82.53,92,8.99,0
731,Kensington,CA,1529370000,46.44,-63.64,62.6,93,13.87,90
732,Mareeba,AU,1529371800,-16.99,145.42,75.2,31,17.22,20
733,Pipri,IN,1529374424,24.21,83.02,90.0,51,11.56,12
734,Pravia,ES,1529373600,43.49,-6.11,60.8,93,6.93,32
735,Kapuskasing,CA,1529370000,49.42,-82.43,64.4,55,8.05,20
736,Muisne,EC,1529374425,0.61,-80.02,72.9,90,3.18,8
737,Daru,PG,1529374425,-9.07,143.21,78.93,95,19.17,92
738,Baena,ES,1529371800,37.62,-4.32,73.4,60,4.7,8
739,Miyako,JP,1529372820,33.63,130.94,73.4,83,4.7,75
740,Arandis,NA,1529374425,-22.42,14.98,49.95,80,2.17,8
741,The Pas,CA,1529370000,53.82,-101.24,82.4,24,11.41,1
742,Turukhansk,RU,1529374426,65.8,87.96,70.11,78,4.63,24
743,Luxor,EG,1529370000,25.7,32.65,84.2,35,4.7,0
744,Zlitan,LY,1529374426,32.47,14.57,66.15,100,8.21,76
745,Cumberland,US,1529373120,41.97,-71.43,73.4,94,8.05,75
746,Timbuktu,ML,1529374426,16.77,-3.01,79.65,63,15.59,20
747,Provideniya,RU,1529371800,64.42,-173.23,48.2,66,8.95,0
748,Leh,IN,1529374364,34.16,77.58,28.71,100,2.06,12
749,Langsa,ID,1529374426,4.47,97.97,79.2,78,2.28,88
750,Payyannur,IN,1529374427,12.1,75.2,76.41,100,14.47,88
751,Puerto Ayora,EC,1529374240,-0.74,-90.35,72.63,97,9.78,0
752,Coruripe,BR,1529374427,-10.12,-36.18,78.03,98,13.13,56
753,Avarua,CK,1529370000,-21.21,-159.78,75.2,60,9.17,40
754,Manicore,BR,1529374427,-5.81,-61.3,74.61,87,2.06,36
755,Alice Springs,AU,1529371800,-23.7,133.88,53.6,32,5.82,0
756,Wangqing,CN,1529374427,43.31,129.76,69.75,77,3.62,80
757,Ufa,RU,1529371800,54.73,55.95,57.2,76,8.95,0
758,Piacabucu,BR,1529374428,-10.41,-36.43,68.76,96,2.95,76
759,Ca Mau,VN,1529374428,9.18,105.15,83.88,94,10.67,80
760,Newport,US,1529372100,41.49,-71.31,73.4,100,11.41,90
761,Kondinskoye,RU,1529374428,59.65,67.41,52.65,100,4.74,92
762,Sangmelima,CM,1529374428,2.93,11.98,66.78,98,3.4,92
763,Derzhavinsk,KZ,1529374429,51.1,66.31,62.01,79,10.33,8
764,Pringsewu,ID,1529374429,-5.36,104.98,78.21,87,0.27,36
765,Gazli,UZ,1529374429,40.13,63.45,87.75,23,4.74,0
766,Tacoronte,ES,1529373600,28.48,-16.41,68.0,93,13.87,0
767,Umred,IN,1529374429,20.85,79.32,85.14,66,6.31,0
768,Bastrop,US,1529372100,32.78,-91.91,78.8,83,6.42,1
769,Miri,MY,1529370000,4.41,114.01,86.0,74,5.82,40
770,Claremore,US,1529372100,36.31,-95.62,89.6,69,3.36,1
771,Bubaque,GW,1529374430,11.28,-15.83,79.11,100,14.14,56
772,Beyneu,KZ,1529374343,45.32,55.19,72.9,32,4.41,0
773,Chapais,CA,1529372220,49.78,-74.86,50.0,71,16.11,90
774,Gazojak,TM,1529374430,41.19,61.4,79.56,32,13.13,48
775,Robe,ET,1529374430,7.12,40.01,47.52,89,3.4,24
776,Aitape,PG,1529374430,-3.15,142.36,83.16,93,5.53,20
777,Siparia,TT,1529370000,10.14,-61.51,77.0,94,14.99,40
778,Kingston,US,1529372100,41.99,-70.72,73.4,64,13.87,40
779,Kitaibaraki,JP,1529370000,36.84,140.74,69.8,100,3.36,75
780,Burnie,AU,1529374431,-41.05,145.91,52.65,100,11.01,24
781,Kaduqli,SD,1529374245,11.01,29.72,72.99,94,7.43,92
782,Fort Nelson,CA,1529370000,58.81,-122.69,84.2,30,10.29,75
783,Mangrol,IN,1529374432,25.33,76.51,89.19,53,8.21,0
784,Pueblo Nuevo,MX,1529374432,23.99,-106.96,82.53,74,2.95,36
785,Tasiilaq,GL,1529373000,65.61,-37.64,28.4,92,1.12,0
786,Boddam,GB,1529373000,57.47,-1.78,48.2,61,8.05,0
787,Lagoa,PT,1529371800,37.14,-8.45,66.2,93,9.17,0
788,Ikornnes,NO,1529373000,62.39,6.56,50.0,87,16.11,88
789,Mustasaari,FI,1529373000,63.17,21.67,55.4,82,11.41,92
790,Moron,MN,1529374433,47.38,110.32,68.94,48,9.44,0
791,Denia,ES,1529374433,38.84,0.11,68.13,97,2.06,0
792,Ust-Nera,RU,1529374269,64.57,143.24,59.76,52,2.62,44
793,Merauke,ID,1529374433,-8.49,140.4,83.7,79,16.04,76
794,Macusani,PE,1529374433,-14.07,-70.43,44.91,100,0.94,36
795,Promyshlennaya,RU,1529371800,54.92,85.64,71.6,68,2.24,0
796,Sulangan,PH,1529374434,11.14,123.72,85.59,100,1.5,32
797,Santa Cruz de la Palma,ES,1529371800,28.68,-17.76,69.8,64,10.29,76
798,Bilibino,RU,1529374434,68.06,166.44,61.11,40,4.52,36
799,Clyde River,CA,1529370000,70.47,-68.59,41.0,86,4.7,75
800,Vaasa,FI,1529373000,63.1,21.62,55.4,82,11.41,92
801,Machali,CL,1529374434,-34.18,-70.67,41.31,81,1.83,0
802,Umm Lajj,SA,1529374435,25.02,37.27,77.04,98,6.42,0
803,Othaya,KE,1529374435,-0.55,36.95,58.41,100,4.18,92
804,Bandundu,CD,1529374435,-3.32,17.38,73.44,78,9.22,24
805,Atmakur,IN,1529374435,15.88,78.59,82.53,64,9.78,76
806,Corowa,AU,1529373600,-36.0,146.39,53.6,66,8.05,0
807,Prince Rupert,CA,1529370000,54.32,-130.32,60.8,82,6.93,1
808,Mariental,NA,1529374435,-24.63,17.97,39.6,59,2.95,0
809,Kantang,TH,1529370000,7.42,99.52,78.8,94,3.29,40
810,Bani,DO,1529374436,18.28,-70.33,79.83,100,11.79,56
811,Hurricane,US,1529369760,37.18,-113.29,89.6,10,14.99,1
812,Oktyabrskoye,RU,1529374436,56.73,85.44,76.41,56,4.74,24
813,Kenai,US,1529369760,60.55,-151.26,62.6,55,4.7,90
814,Bentong,MY,1529370000,3.52,101.91,80.6,83,3.36,75
815,Mitsamiouli,KM,1529374437,-11.38,43.28,76.86,100,9.55,0
816,Oum Hadjer,TD,1529374437,13.3,19.7,74.16,82,11.79,44
817,Mandalgovi,MN,1529374437,45.76,106.27,67.86,50,4.63,8
818,Pudozh,RU,1529374437,61.81,36.54,62.91,79,8.99,80
819,Antofagasta,CL,1529373600,-23.65,-70.4,55.4,76,10.29,90
820,Mahajanga,MG,1529370000,-15.72,46.32,71.6,78,4.7,20
821,Lumeje,AO,1529374437,-11.56,20.78,49.86,73,3.96,0
822,Acari,PE,1529374438,-15.44,-74.62,53.01,82,1.83,12
823,Chalus,IR,1529370000,36.66,51.42,75.2,78,4.63,75
824,Kahului,US,1529369760,20.89,-156.47,84.2,62,14.99,20
825,Tete,MZ,1529374438,-16.16,33.59,58.68,93,2.84,0
826,Wanxian,CN,1529374438,30.8,108.39,71.01,100,3.06,92
827,Basoko,CD,1529374438,1.23,23.61,68.58,99,3.18,92
828,Jalu,LY,1529374438,29.03,21.55,68.4,63,7.2,0
829,Whitehorse,CA,1529370000,60.72,-135.06,73.4,31,13.87,75
830,Yuncheng,CN,1529374439,35.03,111.0,71.19,92,3.4,80
831,Otaru,JP,1529370180,43.18,140.99,68.0,68,23.04,20
832,Oranjemund,NA,1529374439,-28.55,16.43,59.13,98,5.97,68
833,Chernyshevskiy,RU,1529374440,63.01,112.47,67.23,55,3.96,56
834,Atasu,KZ,1529374440,48.68,71.64,63.63,54,7.54,0
835,Verkhoyansk,RU,1529374440,67.55,133.39,67.95,62,4.97,0
836,Pala,TD,1529374440,9.37,14.91,75.51,76,15.26,88
837,Ust-Maya,RU,1529374440,60.42,134.54,66.51,39,7.65,32
838,San Juan,AR,1529374440,-31.54,-68.53,33.39,75,0.83,0
839,East London,ZA,1529374441,-33.02,27.91,63.09,100,16.26,0
840,Edd,ER,1529374441,13.93,41.69,70.11,52,1.28,0
841,San Andres,CO,1529374441,8.22,-76.58,78.48,100,11.23,12
842,Vila Franca do Campo,PT,1529371800,37.72,-25.43,69.8,77,3.36,75
843,Ponta Delgada,PT,1529371800,37.73,-25.67,69.8,77,3.36,75
844,Palmer,US,1529369760,61.6,-149.11,62.6,45,21.92,75
845,Kamaishi,JP,1529370000,39.28,141.86,71.6,68,11.41,75
846,Richards Bay,ZA,1529374442,-28.77,32.06,54.36,100,4.07,0
847,Kichera,RU,1529374442,55.93,110.1,60.66,60,1.16,0
848,Kashi,CN,1529370000,39.45,75.98,77.0,29,4.63,20
849,Pedernales,DO,1529374442,18.04,-71.74,79.11,100,11.79,8
850,Peniche,PT,1529371800,39.36,-9.38,69.8,82,5.82,0
851,Uige,AO,1529374442,-7.61,15.06,57.15,88,2.62,48
852,Port Alfred,ZA,1529374443,-33.59,26.89,59.31,100,8.66,56
853,Filadelfia,PY,1529374443,-22.35,-60.04,56.25,91,4.63,0
854,Torbay,CA,1529370000,47.66,-52.73,42.8,93,17.22,90
855,Mbini,GQ,1529374443,1.58,9.62,72.81,100,7.2,92
856,Tadine,NC,1529374443,-21.55,167.88,72.63,100,2.84,68
857,Piney Green,US,1529373000,35.09,-78.48,86.0,83,6.76,1
858,Aykhal,RU,1529374311,65.95,111.51,68.58,62,5.53,0
859,Yuci,CN,1529371800,37.68,112.73,77.0,57,2.24,48
860,Manakara,MG,1529374444,-22.14,48.01,66.87,100,4.97,36
861,Padang,ID,1529374444,-0.92,100.36,80.46,100,1.72,12
862,Sarangani,PH,1529374444,5.4,125.46,82.35,100,8.88,88
863,Douglas,US,1529372100,31.51,-82.85,80.6,78,4.63,1
864,Mount Darwin,ZW,1529374445,-16.77,31.58,47.79,83,2.73,0
865,Iskateley,RU,1529374445,67.68,53.15,44.1,80,6.2,0
866,Pangai,TO,1529370000,-19.8,-174.35,78.8,69,9.17,40
867,Portobelo,PA,1529373600,9.55,-79.65,80.6,88,7.2,75
868,Yining,CN,1529374445,29.04,114.56,87.66,60,3.96,44
869,Aswan,EG,1529374445,24.09,32.9,83.52,36,8.99,0
870,Jacareacanga,BR,1529374370,-6.22,-57.76,74.88,89,3.06,48
871,Bonthe,SL,1529374446,7.53,-12.5,75.33,100,6.2,92
872,Henties Bay,NA,1529374446,-22.12,14.28,56.7,100,5.64,92
873,Sao Felix do Xingu,BR,1529374175,-6.64,-51.99,78.39,65,1.72,12
874,Sinnamary,GF,1529374446,5.38,-52.96,80.91,95,9.66,80
875,Cervo,ES,1529374446,43.67,-7.41,62.1,99,17.27,68
876,Bend,US,1529372100,44.06,-121.32,71.6,33,9.17,75
877,Gambela,ET,1529374446,8.25,34.59,62.73,97,3.18,92
878,Independencia,PY,1529374446,-25.72,-56.25,48.78,83,3.4,0
879,Yinchuan,CN,1529374447,38.48,106.21,72.9,52,10.56,24
880,Oxelosund,SE,1529373000,58.67,17.1,59.0,82,11.41,0
881,Aromashevo,RU,1529374447,56.86,68.64,55.44,94,4.74,88
882,Port Hardy,CA,1529370000,50.7,-127.42,73.4,53,11.41,40
883,Saint-Joseph,RE,1529371800,-21.37,55.62,68.0,45,9.17,0
884,Crossville,US,1529372100,35.95,-85.03,78.8,83,4.7,40
885,Butaritari,KI,1529374240,3.07,172.79,83.16,100,7.76,56
886,Yazoo City,US,1529372100,32.86,-90.41,75.2,100,5.97,1
887,Dunda,TZ,1529374448,-8.12,34.25,50.58,85,5.64,0
888,San Carlos de Bariloche,AR,1529373600,-41.13,-71.31,50.0,76,18.34,40
889,Hobart,AU,1529371800,-42.88,147.33,50.0,66,9.17,20
890,Kendari,ID,1529374336,-3.99,122.52,75.87,100,2.95,92
891,Alyangula,AU,1529374448,-13.85,136.42,79.11,84,18.5,0
892,Buala,SB,1529374449,-8.15,159.59,80.73,100,3.51,24
893,Auki,SB,1529374449,-8.77,160.7,79.38,100,3.29,56
